"","PC1","PC2","PC3","PC4"
"Sepal.Length",0.52106591467012,-0.377417615564568,0.719566352700816,0.261286279952453
"Sepal.Width",-0.269347442505943,-0.923295659540715,-0.2443817795144,-0.123509619585519
"Petal.Length",0.580413095796295,-0.0244916090855858,-0.142126369333904,-0.801449246335988
"Petal.Width",0.564856535779361,-0.066941986968058,-0.634272737110923,0.523597134566191
