"Composante","Valeur_propre","Variance_expliquee","Variance_cumulee"
"PC1",2.918497816532,0.729624454132999,0.729624454132999
"PC2",0.91403047146807,0.228507617867017,0.958132072000016
"PC3",0.146756875571315,0.0366892188928287,0.994821290892845
"PC4",0.0207148364286192,0.00517870910715481,1
