methode,comparaison,estimation,se,ic_bas,ic_haut,p_value
DiD 2x2,Cohorte_2017 vs Jamais_traite,1.6185203121777136,0.3208024559880152,0.989759052289208,2.2472815720662194,4.5298989674897917e-07
"TWFE statique (multi-periodes, multi-cohortes)",toutes cohortes,2.1718076292266866,0.08154923502114617,2.011960021366602,2.331655237086771,0.0
Callaway & Sant'Anna (ATT global agrege),toutes cohortes vs jamais-traite,3.6419929899815107,0.05737022161465983,3.5295473556167773,3.754438624346244,
